patient,obs,health.status,group,f_000001,f_000002,f_000003,f_000004,f_000005,f_000006,f_000007,f_000008,f_000009,f_000010,f_000011,f_000012,f_000013
ctlvi1od(1)_2,2,health,none,0.001170988,0.001285652,0.001213375,0.001017466,0.000879884,0.001101908,0.002004837,0.003344193,0.004175491,0.003913332,0.002941999,0.001982494,0.001418401
ctlvi1od(1)_1,1,health,none,0.000772987,0.000859373,0.000922399,0.000985241,0.001112829,0.001558839,0.002655881,0.004065095,0.004738966,0.004203833,0.003042867,0.002016422,0.001424728
ctlv3oi_2,2,health,none,0.005701602,0.006547196,0.009193008,0.01547631,0.02427659,0.029702888,0.027667204,0.020703759,0.013718606,0.009014623,0.006347922,0.004973567,0.004771425
ctlv3oi_1,1,health,none,0.009573479,0.010984546,0.013939885,0.019849344,0.027111739,0.030320091,0.026705507,0.019265399,0.012437363,0.00822228,0.006260381,0.005500423,0.005527508
ctlv3oi(1)_2,2,health,none,0.007976497,0.006448596,0.00536933,0.004867335,0.004698184,0.005272354,0.008202224,0.013850839,0.018671203,0.018785984,0.014703463,0.009653608,0.005808326
ctlv3oi(1)_1,1,health,none,0.007273717,0.007185641,0.006550289,0.005680276,0.005039128,0.005415694,0.008604587,0.015743428,0.023371526,0.025603544,0.021228875,0.014198349,0.008408635
ctlv3od_2,2,health,none,0.001469039,0.00201784,0.004110439,0.009910082,0.018685472,0.024622983,0.023324677,0.016933602,0.01025282,0.005791223,0.00346921,0.002477923,0.002510977
ctlv3od_1,1,health,none,0.002009315,0.002319086,0.004751745,0.011410914,0.020544689,0.025796849,0.023571212,0.016748503,0.010034314,0.005655598,0.003445064,0.002590244,0.002817536
ctlv3od(1)_2,2,health,none,0.00383323,0.003111335,0.002616935,0.002401345,0.002437954,0.003575172,0.00793076,0.01570029,0.022112341,0.02231084,0.017159576,0.010864169,0.006176225
ctlv3od(1)_1,1,health,none,0.003418947,0.003472838,0.003293336,0.003013389,0.002876198,0.003672516,0.007488136,0.015729133,0.024611979,0.027493217,0.022891644,0.015179883,0.008756798
ctlv2oi_2,2,health,none,0.000272401,0.000309021,0.000305693,0.000270695,0.000229733,0.000199067,0.000179307,0.000163816,0.000147747,0.000132204,0.000132115,0.000223984,0.000639369
ctlv2oi_1,1,health,none,0.001013544,0.000974873,0.000895895,0.000807869,0.000727844,0.000649573,0.000573063,0.000504431,0.000444641,0.000399281,0.000396487,0.000520841,0.000990385
ctlv2oi(1)_2,2,health,none,0.000202517,0.0002652,0.00033506,0.000390157,0.000419248,0.000423707,0.000408115,0.000385526,0.000384122,0.000439789,0.000611344,0.001176697,0.003016147
ctlv2oi(1)_1,1,health,none,0.000173389,0.000229655,0.000317917,0.000386206,0.000400538,0.000376482,0.000351973,0.000359676,0.000419795,0.000524494,0.000667843,0.001124667,0.002881738
ctlv2od_2,2,health,none,0.000816132,0.000951182,0.000959426,0.000864962,0.000757262,0.000691581,0.000659237,0.0006255,0.000569384,0.00050078,0.000487293,0.000819036,0.002336131
ctlv2od_1,1,health,none,0.00095298,0.001145856,0.001212441,0.001150937,0.001016896,0.000864708,0.000717798,0.00059001,0.000504892,0.000482866,0.000561141,0.000958964,0.002409355
ctlv2od(1)_2,2,health,none,0.000876498,0.001074934,0.001263252,0.001381699,0.001411224,0.001374377,0.001294261,0.001200813,0.001145843,0.001185912,0.001408871,0.002212234,0.004861761
ctlv2od(1)_1,1,health,none,0.000832078,0.000963149,0.001203887,0.001393479,0.001409721,0.001300116,0.001191823,0.001159881,0.001219423,0.001342593,0.001495449,0.002041469,0.004353133
ctlv1oi_2,2,health,none,6.09E-05,8.36E-05,0.000107336,0.00011937,0.000115085,0.000101574,8.94E-05,8.52E-05,8.97E-05,9.80E-05,0.000102737,9.84E-05,8.53E-05
ctlv1oi_1,1,health,none,4.10E-05,5.79E-05,8.21E-05,0.00010901,0.000130008,0.000137299,0.000131691,0.00012159,0.000114455,0.00011008,0.000102219,8.78E-05,7.15E-05
ctlv1oi(1)_2,2,health,none,0.000114246,0.000138841,0.00017441,0.000231107,0.000302733,0.000359769,0.000370413,0.000336323,0.000292046,0.000267538,0.000267836,0.000278645,0.000281148
ctlv1oi(1)_1,1,health,none,9.06E-05,0.000147606,0.000213748,0.00026191,0.000287261,0.000297466,0.000296159,0.00028823,0.000283498,0.000285101,0.000287688,0.000289548,0.000288532
ctlv1od_2,2,health,none,0.000239101,0.000308901,0.00039068,0.000439024,0.000424148,0.000361181,0.000293533,0.00025748,0.000260995,0.000285008,0.00030067,0.000289744,0.00025795
ctlv1od_1,1,health,none,0.000212331,0.000253733,0.000316664,0.000394243,0.000459557,0.000483866,0.000460535,0.000409076,0.000356156,0.00031343,0.000273253,0.000228722,0.000191834
ctlv1od(1)_2,2,health,none,0.000219701,0.000246499,0.000275534,0.00031751,0.000362391,0.000380854,0.000354158,0.000299838,0.000252527,0.000228056,0.000222611,0.000227826,0.000241031
ctlv1od(1)_1,1,health,none,0.000167179,0.000223578,0.000286528,0.000327831,0.000347706,0.000356056,0.000350311,0.000328336,0.000300707,0.00027775,0.000260182,0.000249357,0.000252933
ctliv3oi_2,2,health,none,0.000157716,0.000204785,0.000271155,0.000331883,0.000353943,0.000330775,0.000286655,0.000252239,0.000264722,0.000453049,0.001067984,0.002075506,0.002826852
ctliv3oi_1,1,health,none,0.000196937,0.000254408,0.000318673,0.000359158,0.000359541,0.000327913,0.000283602,0.000246398,0.000256493,0.000470573,0.00118489,0.002362884,0.003260312
ctliv3od_2,2,health,none,0.000355161,0.000485699,0.000657999,0.000814522,0.000889138,0.000863642,0.000780206,0.00070569,0.000722032,0.001098,0.002373411,0.004506138,0.006127305
ctliv3od_1,1,health,none,0.000420626,0.000612063,0.000826568,0.000973719,0.001002509,0.000932635,0.000817229,0.000704963,0.000675039,0.001026805,0.002315352,0.004464705,0.006103006
ctliv2oi_2,2,health,none,0.00088007,0.001128662,0.001329827,0.001490294,0.00159962,0.001600026,0.001504385,0.001370147,0.001212832,0.001032831,0.000858369,0.000719567,0.000614731
ctliv2oi_1,1,health,none,0.000932204,0.001078733,0.001238821,0.001312644,0.001251323,0.001099144,0.000933857,0.00080547,0.00073086,0.000708878,0.000715981,0.000720614,0.000709352
ctliv2od_2,2,health,none,0.001723827,0.002190845,0.002506269,0.002695244,0.002785672,0.002708741,0.002482023,0.002190779,0.001872119,0.001551148,0.001281104,0.001093208,0.000963408
ctliv2od_1,1,health,none,0.001566867,0.001803334,0.002064753,0.002201369,0.002129593,0.00191068,0.001650089,0.001417089,0.001252073,0.001179354,0.0011796,0.001199937,0.001207372
ctliv1oi_2,2,health,none,0.005420466,0.004480134,0.003633419,0.002871197,0.002217009,0.001699635,0.001333563,0.001137792,0.00120983,0.001730128,0.002575882,0.003110122,0.002870326
ctliv1oi_1,1,health,none,0.000450028,0.000508976,0.00056497,0.000588751,0.000567953,0.000512822,0.000447506,0.000429198,0.000619024,0.001249416,0.002191776,0.002786248,0.002596944
ctliv1oi(1)_2,2,health,none,0.000470662,0.000630777,0.000804838,0.00095262,0.001024205,0.001001846,0.000919627,0.000826389,0.000754146,0.000806942,0.001285848,0.002348555,0.003416792
ctliv1oi(1)_1,1,health,none,0.000569307,0.000713231,0.00086305,0.000970084,0.001008042,0.001000712,0.000988174,0.000964208,0.000892006,0.000844226,0.001137856,0.002044395,0.003133995
ctliv1od_2,2,health,none,0.000313488,0.000393342,0.000415401,0.000385417,0.000333792,0.000281985,0.000238674,0.000242003,0.000451115,0.001116177,0.00212833,0.002804193,0.002643605
ctliv1od_1,1,health,none,0.00027514,0.000306659,0.00031493,0.000304948,0.000291504,0.000275097,0.000251806,0.000265042,0.000494136,0.001198882,0.00223296,0.002873854,0.002654321
ctliv1od(1)_2,2,health,none,0.000134371,0.000202802,0.000285948,0.000354631,0.000383938,0.000370604,0.000335424,0.000302735,0.000290519,0.000386837,0.000849598,0.001811603,0.002765756
ctliv1od(1)_1,1,health,none,0.000167089,0.000232658,0.000300026,0.000349702,0.000373956,0.000384468,0.000395865,0.00040264,0.000392805,0.000434027,0.00078027,0.001643326,0.002633033
hfdiv1oi(1)_2,2,disorder,none,0.000150358,0.00013918,0.000127009,0.000115662,0.000105785,9.90E-05,0.000100174,0.000112433,0.000130214,0.00014109,0.00013886,0.000133407,0.000141594
hfdiv1oi(1)_1,1,disorder,none,0.000161124,0.000170697,0.000161114,0.000143793,0.000130047,0.000121108,0.000113594,0.000108512,0.000108098,0.000109311,0.00010937,0.000116707,0.000144153
hfdiv1od_2,2,disorder,none,0.001994384,0.002154384,0.00217922,0.002077394,0.001927582,0.001821132,0.001746836,0.001671305,0.001610316,0.001591159,0.001909853,0.003619368,0.007734172
hfdiv1od_1,1,disorder,none,0.007168678,0.00722648,0.006604476,0.005457708,0.00417742,0.003172142,0.002588025,0.002339155,0.002287619,0.002388667,0.002936481,0.004965772,0.009407554
hfdiv1od(1)_2,2,disorder,none,0.001450361,0.001417582,0.001316626,0.001173624,0.001044128,0.000962435,0.000953361,0.001027111,0.001148849,0.001277397,0.001645491,0.003405178,0.00814356
hfdiv1od(1)_1,1,disorder,none,0.001593962,0.001700495,0.001601195,0.00135421,0.001102671,0.000934738,0.00084207,0.000798788,0.000804854,0.00089465,0.001461105,0.004021514,0.010124887
ctlxii3oi_2,2,health,none,0.000530149,0.000416912,0.000354569,0.000347578,0.000399683,0.000551159,0.001120054,0.002981487,0.006486185,0.009786099,0.010408194,0.008262847,0.005232316
ctlxii3oi_1,1,health,none,0.008389853,0.006576121,0.005784192,0.006458252,0.008043122,0.009280292,0.00943801,0.009181501,0.010025915,0.012251357,0.014044585,0.014081224,0.013179489
ctlxii3oi(1)_2,2,health,none,0.00206157,0.001615169,0.001274311,0.001046163,0.000910104,0.000832763,0.000802891,0.000870086,0.001140091,0.002047332,0.004489114,0.008308277,0.011118554
ctlxii3oi(1)_1,1,health,none,0.002824737,0.003298645,0.003644139,0.003666186,0.003376288,0.002941688,0.002520506,0.002203474,0.002172317,0.003043698,0.005584228,0.009048489,0.010949455
ctlxii3od_2,2,health,none,0.000249556,0.000196799,0.000164144,0.0001522,0.000163112,0.000215921,0.000432711,0.001137924,0.002455068,0.003688447,0.003917145,0.003114149,0.001984234
ctlxii3od_1,1,health,none,0.002406052,0.00193994,0.002046655,0.002847648,0.003991058,0.004746681,0.004822042,0.004726863,0.005159917,0.006136516,0.006972789,0.007347588,0.007595628
ctlxii3od(1)_2,2,health,none,0.000819538,0.000638061,0.000508785,0.000431294,0.000390651,0.000365526,0.000352194,0.000378278,0.000485484,0.000824079,0.001711091,0.003084478,0.004082243
ctlxii3od(1)_1,1,health,none,0.000878155,0.000966643,0.001037008,0.001044487,0.000996057,0.0009327,0.000878233,0.000835878,0.000869644,0.00122958,0.00221623,0.003550595,0.004295391
ctlxii2oi_2,2,health,none,0.001703103,0.002485497,0.002651645,0.002140238,0.0013982,0.000820976,0.000506232,0.000367503,0.000307771,0.000300493,0.000353646,0.000428336,0.000450951
ctlxii2oi_1,1,health,none,0.00765147,0.008475282,0.008665838,0.008035614,0.006974838,0.006015937,0.005335576,0.00481364,0.004421456,0.004421823,0.005017521,0.005939453,0.00664719
ctlxii2oi(1)_2,2,health,none,0.000390558,0.000625427,0.001125009,0.001683055,0.001903195,0.001654392,0.001172339,0.000742824,0.000485084,0.000380087,0.000367899,0.000410248,0.000487999
ctlxii2oi(1)_1,1,health,none,0.000356175,0.00065691,0.001353352,0.002228797,0.002659931,0.002356411,0.001654479,0.001017987,0.000636653,0.000458368,0.000377637,0.000350005,0.000381281
ctlxii2od_2,2,health,none,0.002339886,0.003151663,0.003286439,0.002685175,0.001836346,0.001181218,0.000824487,0.000651574,0.000546685,0.00049166,0.000505875,0.000553235,0.000559611
ctlxii2od_1,1,health,none,0.008457866,0.009539066,0.009759267,0.00877715,0.007174339,0.00576042,0.004867065,0.004338457,0.003973105,0.003833162,0.004056778,0.004513219,0.004818814
ctlxii2od(1)_2,2,health,none,0.000958891,0.001210351,0.001688131,0.002178914,0.002329361,0.002029616,0.001496492,0.0010083,0.000708493,0.000598524,0.00060488,0.000651314,0.00069432
ctlxii2od(1)_1,1,health,none,0.000891941,0.001287906,0.002239807,0.00344849,0.00405105,0.003629095,0.002636224,0.001718782,0.001153671,0.000879982,0.000748636,0.000680374,0.000665147
ctlxii1oi_2,2,health,none,0.000470662,0.000630777,0.000804838,0.00095262,0.001024205,0.001001846,0.000919627,0.000826389,0.000754146,0.000806942,0.001285848,0.002348555,0.003416792
ctlxii1oi_1,1,health,none,0.000569307,0.000713231,0.00086305,0.000970084,0.001008042,0.001000712,0.000988174,0.000964208,0.000892006,0.000844226,0.001137856,0.002044395,0.003133995
ctlxii1oi(1)_2,2,health,none,0.000470662,0.000630777,0.000804838,0.00095262,0.001024205,0.001001846,0.000919627,0.000826389,0.000754146,0.000806942,0.001285848,0.002348555,0.003416792
ctlxii1oi(1)_1,1,health,none,0.000569307,0.000713231,0.00086305,0.000970084,0.001008042,0.001000712,0.000988174,0.000964208,0.000892006,0.000844226,0.001137856,0.002044395,0.003133995
ctlxii1od_2,2,health,none,0.000134371,0.000202802,0.000285948,0.000354631,0.000383938,0.000370604,0.000335424,0.000302735,0.000290519,0.000386837,0.000849598,0.001811603,0.002765756
ctlxii1od_1,1,health,none,0.000167089,0.000232658,0.000300026,0.000349702,0.000373956,0.000384468,0.000395865,0.00040264,0.000392805,0.000434027,0.00078027,0.001643326,0.002633033
ctlvi2oi_2,2,health,none,0.000483266,0.000363373,0.0002583,0.000198629,0.000210621,0.000380196,0.00081966,0.00140006,0.001715359,0.001549736,0.001095945,0.000653772,0.000363959
ctlvi2oi_1,1,health,none,0.000694436,0.000671944,0.000664922,0.000655553,0.000674685,0.000858224,0.001391283,0.002140345,0.002560678,0.002333214,0.001710102,0.001104167,0.000708068
ctlvi2oi(1)_2,2,health,none,0.000386368,0.000402724,0.000406131,0.000403981,0.000372563,0.000319208,0.000342033,0.000680915,0.001509105,0.002440006,0.002754333,0.002283334,0.001492061
ctlvi2oi(1)_1,1,health,none,0.000733106,0.000777257,0.000800313,0.000787874,0.000749956,0.000699356,0.000691141,0.000915182,0.001542726,0.002285233,0.00253714,0.002127177,0.00143557
ctlvi2od_2,2,health,none,0.001896649,0.001416838,0.001011125,0.000825611,0.001080673,0.00265137,0.006713717,0.01212371,0.015059625,0.013513968,0.009345685,0.005348423,0.002764572
ctlvi2od_1,1,health,none,0.001763618,0.001353522,0.001087776,0.001002109,0.001326776,0.003050693,0.007623856,0.014000592,0.017759828,0.016214564,0.011350168,0.006557035,0.00344076
ctlvi2od(1)_2,2,health,none,0.001097888,0.001178044,0.00124754,0.001276447,0.001176016,0.000997848,0.001100157,0.002287776,0.005106164,0.008233013,0.009274187,0.00769495,0.005066111
ctlvi2od(1)_1,1,health,none,0.001015949,0.001097613,0.00109306,0.001047298,0.000986013,0.000913016,0.000991658,0.001808148,0.003910894,0.006418386,0.007407763,0.006292229,0.004244719
ctlvi1oi_2,2,health,none,0.001838036,0.001890174,0.001887253,0.001966819,0.002542263,0.005324586,0.013858241,0.028130055,0.039369269,0.038986375,0.028955213,0.017246802,0.008929935
ctlvi1oi_1,1,health,none,0.002123925,0.001945596,0.001895834,0.00199634,0.002518315,0.005031594,0.012903868,0.026152091,0.036501027,0.035936305,0.026468807,0.015633166,0.008103033
ctlvi1oi(1)_2,2,health,none,0.001447667,0.001600686,0.00154564,0.001353405,0.001542101,0.003757268,0.010313319,0.019764397,0.025505054,0.023399499,0.016308313,0.009293054,0.004788934
ctlvi1oi(1)_1,1,health,none,0.000892207,0.000980138,0.001068408,0.00124877,0.002025928,0.005221335,0.012906369,0.022471634,0.026914801,0.023349772,0.015691575,0.008825545,0.004619285
ctlvi1od_2,2,health,none,0.001683715,0.001669108,0.001529728,0.001417538,0.001493242,0.001997628,0.0034312,0.005808209,0.007736549,0.007749934,0.00610381,0.004140841,0.002749509
ctlvi1od_1,1,health,none,0.001631823,0.001531822,0.001528011,0.001592685,0.001800355,0.002443731,0.004015823,0.006349258,0.007954206,0.007573206,0.005716974,0.003764798,0.002517383
hfdvi1od(1)_1,1,disorder,none,0.00161032,0.001932616,0.002108631,0.0020932,0.001934146,0.001756144,0.001659202,0.002006343,0.004450097,0.011158006,0.020040004,0.024518526,0.021529668
hfdv3oi_2,2,disorder,none,0.00034932,0.000494857,0.000555422,0.000500627,0.000382591,0.00027028,0.000194725,0.000155849,0.000151771,0.000213368,0.000457853,0.000984636,0.001565422
hfdv3oi_1,1,disorder,none,0.000382202,0.000508658,0.000568014,0.00053649,0.000447556,0.000348471,0.000269638,0.000220857,0.000201593,0.000221612,0.000347779,0.000680948,0.001134872
hfdv3oi(1)_2,2,disorder,none,0.000231318,0.000305842,0.000372004,0.000396781,0.000373992,0.000327036,0.000284135,0.000261157,0.000259752,0.000286983,0.000406534,0.000703205,0.001075001
hfdv3oi(1)_1,1,disorder,none,0.000288167,0.000394061,0.00046752,0.000474034,0.000419944,0.000348787,0.000301188,0.000285001,0.000287311,0.000308954,0.000385175,0.000546156,0.000720804
hfdv3od_2,2,disorder,none,0.002316752,0.002881599,0.003032558,0.002683975,0.002183795,0.001780584,0.001488968,0.001297317,0.001220816,0.001335826,0.001905269,0.003037193,0.004084966
hfdv3od_1,1,disorder,none,0.000506398,0.000709104,0.000821537,0.000797424,0.000670048,0.000505696,0.000360037,0.000258588,0.000212434,0.000322071,0.001053969,0.003115841,0.00605294
hfdv3od(1)_2,2,disorder,none,0.001232245,0.001610814,0.001755142,0.001614095,0.001335736,0.001102565,0.000987804,0.000935807,0.000901761,0.001096831,0.002249127,0.005020618,0.008291377
hfdv3od(1)_1,1,disorder,none,0.000493306,0.000668774,0.000792593,0.000801075,0.000694307,0.00054165,0.00041756,0.000352341,0.000358018,0.000621518,0.001899092,0.00499541,0.008742381
hfdv2oi_2,2,disorder,none,0.000198665,0.000216628,0.000235692,0.0002415,0.000228708,0.000205302,0.000181705,0.000161241,0.000143707,0.000132048,0.00014381,0.000225874,0.000398234
hfdv2oi_1,1,disorder,none,0.0001524,0.000184106,0.000204925,0.000201173,0.000174372,0.000138668,0.000107113,8.30E-05,6.52E-05,5.86E-05,8.27E-05,0.000174724,0.000344229
hfdv2oi(1)_2,2,disorder,none,0.000125013,0.000210191,0.000292872,0.000335137,0.000324078,0.000276923,0.000222116,0.000180367,0.000156682,0.000144262,0.000152926,0.000281944,0.000736249
hfdv2oi(1)_1,1,disorder,none,0.000133917,0.000219742,0.000310465,0.000358368,0.00034644,0.000295262,0.000232896,0.000176984,0.000137226,0.000119233,0.000141497,0.000301537,0.000773818
hfdv2od_2,2,disorder,none,0.000400324,0.000566983,0.000704157,0.000738887,0.000661233,0.000524306,0.000394308,0.000304874,0.000258082,0.000285355,0.000656173,0.002100495,0.00491891
hfdv2od_1,1,disorder,none,0.000421468,0.000645136,0.000806505,0.000830599,0.000731415,0.000578321,0.000433547,0.000323294,0.000254523,0.00027139,0.000616572,0.001909362,0.0044249
hfdv2od(1)_2,2,disorder,none,0.000185381,0.000297161,0.000404667,0.000457029,0.000438631,0.000374341,0.000302018,0.000248326,0.000218962,0.000204832,0.000232606,0.000511267,0.001470622
hfdv2od(1)_1,1,disorder,none,0.000213573,0.000299829,0.000388631,0.000429881,0.000406652,0.000345993,0.000279982,0.000222846,0.000181286,0.000164027,0.00020948,0.000500612,0.001359209
hfdv1oi_2,2,disorder,none,0.000349808,0.000404224,0.000414298,0.000376676,0.000317121,0.000265873,0.000239627,0.000243083,0.000274133,0.000321461,0.000362947,0.000376012,0.000365519
hfdv1oi_1,1,disorder,none,0.000398787,0.000453714,0.000441717,0.000370826,0.000283242,0.000221449,0.000199808,0.000210577,0.000239437,0.00027387,0.000301927,0.000310129,0.000306722
hfdv1oi(1)_2,2,disorder,none,0.000118528,0.000173931,0.000224215,0.000261608,0.000294165,0.000316723,0.000311449,0.000277628,0.000234995,0.000203049,0.000187766,0.00018342,0.000181148
hfdv1oi(1)_1,1,disorder,none,0.000145581,0.00017233,0.000211926,0.00027843,0.000352787,0.000392285,0.000377406,0.000326579,0.000268673,0.000220505,0.000188835,0.00017571,0.000176389
hfdv1od_2,2,disorder,none,0.000253064,0.000284836,0.000291558,0.000266339,0.000221754,0.000179031,0.000153223,0.00014891,0.000163023,0.000187162,0.000208954,0.00021778,0.000233943
hfdv1od_1,1,disorder,none,0.000276197,0.000306521,0.000294934,0.000250032,0.000197886,0.000161358,0.000144679,0.000141502,0.000146463,0.000157314,0.000170687,0.000179998,0.000205784
hfdv1od(1)_2,2,disorder,none,0.000121232,0.000168882,0.000208859,0.00023587,0.000260227,0.000277443,0.000270229,0.000238364,0.000199722,0.000170073,0.000154321,0.000150014,0.000151378
hfdv1od(1)_1,1,disorder,none,0.000135938,0.000146839,0.000171148,0.000223025,0.000284723,0.000318731,0.000308468,0.000268707,0.000222365,0.000183295,0.000158443,0.000151293,0.000158431
hfdiv3oi_2,2,disorder,none,0.000664328,0.000902472,0.000951667,0.000796017,0.000559712,0.000362435,0.000244209,0.000193699,0.000196191,0.000249997,0.000356324,0.000626293,0.001713725
hfdiv3oi_1,1,disorder,none,0.000685758,0.000937652,0.00106651,0.001012771,0.000841787,0.000645317,0.000479269,0.000363307,0.000300676,0.000291117,0.000334511,0.000542261,0.001517462
hfdiv3oi(1)_2,2,disorder,none,0.00030953,0.000409621,0.000530644,0.000653938,0.000736175,0.000729285,0.000642216,0.000531383,0.000434068,0.000353517,0.000292499,0.000262251,0.000289476
hfdiv3oi(1)_1,1,disorder,none,0.00023578,0.000339815,0.000486459,0.000650643,0.000777977,0.000806364,0.000726484,0.000592671,0.00046586,0.000373561,0.000314626,0.000282835,0.000307355
hfdiv3od_2,2,disorder,none,0.000735257,0.000993903,0.001050679,0.000887099,0.000637153,0.000429942,0.000306816,0.000252497,0.000251676,0.000307276,0.000437428,0.00090192,0.002997202
hfdiv3od_1,1,disorder,none,0.000873836,0.001266957,0.001451141,0.001350183,0.001109989,0.00089048,0.000745452,0.000656266,0.000601228,0.000581619,0.000618464,0.000973338,0.002910374
hfdiv3od(1)_2,2,disorder,none,0.000471915,0.000619161,0.000806676,0.001005202,0.001149708,0.001175566,0.001085771,0.000938749,0.000781026,0.000631869,0.000514493,0.000462827,0.000582875
hfdiv3od(1)_1,1,disorder,none,0.000384078,0.000514592,0.000707882,0.000932824,0.001118372,0.001182145,0.00111281,0.00097608,0.000838464,0.000730077,0.000653743,0.000613524,0.000728776
hfdiv2oi_2,2,disorder,none,0.000180793,0.000174154,0.000154084,0.000130235,0.000112496,0.000108389,0.00011993,0.00014371,0.00018838,0.000356575,0.000896291,0.001838298,0.002609096
hfdiv2oi_1,1,disorder,none,0.000269546,0.0002387,0.000200703,0.000174912,0.000163172,0.000159453,0.000161598,0.000169802,0.000196019,0.000344396,0.000883707,0.001895621,0.002797094
hfdiv2oi(1)_2,2,disorder,none,0.000158887,0.000194237,0.000207043,0.000197589,0.000177228,0.000157873,0.000147418,0.000145892,0.000148724,0.000175977,0.000349307,0.000890101,0.001742038
hfdiv2oi(1)_1,1,disorder,none,0.00029097,0.000339076,0.000335565,0.000291866,0.000235341,0.000186211,0.000153661,0.000139841,0.000144233,0.000182789,0.000362946,0.000896671,0.001734616
hfdiv2od_2,2,disorder,none,0.000720094,0.000688044,0.000604235,0.000502841,0.000423734,0.000403623,0.000448569,0.000532972,0.000664081,0.001099708,0.002481115,0.00490107,0.006887302
hfdiv2od_1,1,disorder,none,0.000854692,0.000809534,0.000696967,0.000583377,0.000509394,0.000476119,0.000475942,0.000505213,0.000586344,0.000965951,0.002309481,0.004828264,0.007073144
hfdiv2od(1)_2,2,disorder,none,0.000317039,0.000374201,0.000385933,0.000357858,0.000310171,0.000262899,0.000232366,0.000222274,0.00022562,0.000265635,0.000501696,0.001229422,0.002373378
hfdiv2od(1)_1,1,disorder,none,0.000638221,0.000716538,0.000670154,0.000547078,0.000416799,0.000317072,0.000257651,0.000234153,0.00023673,0.000282532,0.000519689,0.001238786,0.00237188
hfdiv1oi_2,2,disorder,none,0.000545484,0.000541196,0.00052135,0.000506068,0.000513363,0.000541746,0.000554791,0.000526437,0.000470731,0.00040965,0.000355035,0.000326113,0.000345324
hfdiv1oi_1,1,disorder,none,0.003572378,0.004121437,0.004642194,0.004426291,0.003652234,0.002907121,0.00249144,0.002328416,0.002294896,0.002298563,0.002174857,0.001913156,0.001800911
hfdxii3oi_2,2,disorder,none,0.001081689,0.001156679,0.001099109,0.000946733,0.00076635,0.000615034,0.000527441,0.000513861,0.000562115,0.000675725,0.001042968,0.002154942,0.004108441
hfdxii3oi_1,1,disorder,none,0.000949494,0.000893383,0.000779744,0.000669939,0.000587438,0.000517733,0.000456591,0.00042871,0.000456099,0.00055834,0.000900796,0.001954751,0.003874893
hfdxii3oi(1)_2,2,disorder,none,0.001380099,0.001616042,0.001674422,0.001591582,0.001442464,0.001303003,0.001227062,0.001217271,0.001224395,0.001209839,0.001233556,0.001599292,0.002857931
hfdxii3oi(1)_1,1,disorder,none,0.001460384,0.001696942,0.001894006,0.002010849,0.002005528,0.00187634,0.001659761,0.001428817,0.001255183,0.00117146,0.00119539,0.001504244,0.002520965
hfdxii3od_2,2,disorder,none,0.000864773,0.000990418,0.00100533,0.000938843,0.000836891,0.000740532,0.000680583,0.000661879,0.000655323,0.000634129,0.00061485,0.000681603,0.00097674
hfdxii3od_1,1,disorder,none,0.000605278,0.000750906,0.000859636,0.000912838,0.000898181,0.000824471,0.000721328,0.000626752,0.000563702,0.000535518,0.00054573,0.000644933,0.000934885
hfdxii2oi_2,2,disorder,none,0.000359236,0.000263111,0.000176488,0.000115326,8.04E-05,6.53E-05,6.25E-05,6.70E-05,7.65E-05,9.10E-05,0.000119792,0.000232486,0.000658672
hfdxii2oi_1,1,disorder,none,0.00031219,0.00023461,0.000166872,0.000125313,0.000105597,9.84E-05,9.69E-05,0.00010015,0.000108465,0.00012009,0.00014233,0.000246481,0.000655347
hfdxii2oi(1)_2,2,disorder,none,0.000624621,0.000867158,0.000976525,0.000886595,0.000683097,0.000492204,0.000385651,0.00036369,0.000385276,0.00040943,0.000415467,0.000406957,0.000446043
hfdxii2oi(1)_1,1,disorder,none,0.000490374,0.000690883,0.000818906,0.000802564,0.000678564,0.00052734,0.000402403,0.00032776,0.000312452,0.000346222,0.000397334,0.000434959,0.000486099
hfdxii2od_2,2,disorder,none,0.002581508,0.001910367,0.001283129,0.000823266,0.000544298,0.000404585,0.000352559,0.000350871,0.000382691,0.000447974,0.000602079,0.001248527,0.003693641
hfdxii2od_1,1,disorder,none,0.002534038,0.001865076,0.001274603,0.000906513,0.00072544,0.000648123,0.00061578,0.000616776,0.00065225,0.000707261,0.000821172,0.001422936,0.003835768
hfdxii2od(1)_2,2,disorder,none,0.001521299,0.002113698,0.002401928,0.002212246,0.001737801,0.001277412,0.00100537,0.000927607,0.000959034,0.00101913,0.001060611,0.001076945,0.001219826
hfdxii2od(1)_1,1,disorder,none,0.001226356,0.00181647,0.002229794,0.00224769,0.001933735,0.001498182,0.001115615,0.000880576,0.000816183,0.000873958,0.000960275,0.001009285,0.001105839
hfdxii1oi_2,2,disorder,none,0.00017888,0.000153101,0.000117408,8.74E-05,6.71E-05,5.38E-05,4.38E-05,3.57E-05,3.08E-05,2.99E-05,3.50E-05,6.77E-05,0.000192045
hfdxii1oi_1,1,disorder,none,0.000175848,0.000167472,0.00014039,0.000111017,8.99E-05,7.99E-05,7.96E-05,8.48E-05,8.96E-05,9.15E-05,9.63E-05,0.000133357,0.000271725
hfdxii1oi(1)_2,2,disorder,none,0.00017304,0.00025408,0.000341433,0.000410754,0.0004387,0.00041061,0.0003368,0.000251602,0.000186372,0.00014877,0.00012957,0.000122374,0.000146378
hfdxii1oi(1)_1,1,disorder,none,0.000229088,0.00028205,0.000376663,0.000508758,0.000622789,0.000652542,0.000589124,0.00048025,0.000377611,0.000309978,0.000285015,0.000295447,0.000336597
hfdxii1od_2,2,disorder,none,3.73E-05,3.07E-05,2.18E-05,1.47E-05,1.02E-05,7.69E-06,6.42E-06,5.84E-06,5.62E-06,5.70E-06,6.96E-06,1.56E-05,4.81E-05
hfdxii1od_1,1,disorder,none,3.86E-05,3.59E-05,2.84E-05,2.04E-05,1.43E-05,1.02E-05,7.75E-06,6.30E-06,5.49E-06,5.18E-06,6.54E-06,1.68E-05,5.29E-05
hfdxii1od(1)_2,2,disorder,none,0.000114633,0.000167421,0.00021852,0.000252319,0.000258701,0.000234455,0.000188499,0.000140545,0.000106871,8.96E-05,8.15E-05,7.80E-05,9.14E-05
hfdxii1od(1)_1,1,disorder,none,7.23E-05,9.84E-05,0.000145196,0.000208816,0.000256331,0.000255352,0.000212319,0.000158514,0.000115139,8.62E-05,6.96E-05,6.55E-05,8.18E-05
hfdvi3oi_2,2,disorder,none,0.004129164,0.005363675,0.006581527,0.00715706,0.00689263,0.006253134,0.005765212,0.005511745,0.005328415,0.005160044,0.005038533,0.004925793,0.004755251
hfdvi3oi_1,1,disorder,none,0.006304646,0.007423396,0.008227542,0.008626546,0.008409411,0.007820436,0.007381276,0.007123575,0.006761007,0.006310743,0.005962716,0.005681566,0.005301482
hfdvi3od_2,2,disorder,none,0.00175994,0.002312972,0.002879715,0.00313556,0.00299252,0.00270735,0.00255244,0.00256006,0.002620159,0.002658762,0.00266263,0.002628777,0.002560749
hfdvi3od_1,1,disorder,none,0.001873762,0.002445118,0.002925146,0.003235104,0.003285009,0.003126792,0.002940121,0.00280729,0.002699249,0.002622232,0.002607952,0.002614116,0.002556275
hfdvi2oi_2,2,disorder,none,0.000217738,0.000179697,0.000144595,0.000120387,0.000107749,0.000102765,0.000101455,0.000122097,0.000296358,0.000932804,0.002089352,0.003074379,0.003126877
hfdvi2oi_1,1,disorder,none,0.000232162,0.000207266,0.000186913,0.000179039,0.000178677,0.000177848,0.000177239,0.000193995,0.000337633,0.000911859,0.002056391,0.003149056,0.003340152
hfdvi2oi(1)_2,2,disorder,none,0.000421372,0.000540371,0.00065732,0.000741607,0.000787931,0.000796014,0.000756428,0.000680092,0.000607173,0.000628625,0.001046973,0.002389122,0.004504089
